Image_name,image_url,gemini-3.5-flash,llava
obs_10029654_photo_13795670,https://inaturalist-open-data.s3.amazonaws.com/photos/13795670/medium.jpg,A snail with a patterned yellow shell feeds on brown jelly fungus growing on a wooden log.,Fungus growing out of an insect.
obs_10041811_photo_13816548,https://inaturalist-open-data.s3.amazonaws.com/photos/13816548/medium.jpg,A snail with a patterned yellow-and-brown shell feeds on brown jelly fungi growing on a decaying log.,An insect feeds on dried leaves in the woods.
obs_10042362_photo_13817684,https://inaturalist-open-data.s3.amazonaws.com/photos/13817684/medium.jpg,A brown-patterned slug stretches up from green grass to feed on the gills of a large mushroom.,The mushroom and snail share the same grass surface for sustenance.
obs_101993570_photo_170411108,https://inaturalist-open-data.s3.amazonaws.com/photos/170411108/medium.jpg,"A white mushroom held in a person's hand, its mycelium feeding on the organic matter in the soil clumped at its base.",The person is holding an unusual mushroom with visible spore print in their hand.
obs_102691689_photo_171703427,https://inaturalist-open-data.s3.amazonaws.com/photos/171703427/medium.jpeg,"A group of small, flat grey invertebrates feed on the fleshy, double-ringed yellow siphon of a clam buried in dark sand.",Measuring device next to food item.
obs_102691691_photo_171703626,https://inaturalist-open-data.s3.amazonaws.com/photos/171703626/medium.jpeg,"Small limpets cling to and feed on the dark stipes of a feather boa kelp draped over wet, rocky ground.",Green algae growing on rocks with small creatures feeding on them.
obs_1031674_photo_1294252,https://inaturalist-open-data.s3.amazonaws.com/photos/1294252/medium.jpg,The scavenged carcass of a horned goat-like animal lies torn open and partially buried in the dirt.,An animal is feeding on a dead deer that has been gutted.
obs_1031679_photo_1294271,https://inaturalist-open-data.s3.amazonaws.com/photos/1294271/medium.jpg,The partially eaten carcass of a deer lies on the muddy ground next to a grassy embankment.,"In a forest setting, an animal is laying down next to a riverbank."
obs_1031728_photo_447010704,https://inaturalist-open-data.s3.amazonaws.com/photos/447010704/medium.jpg,The heavily scavenged carcass of a hairy wild boar lies on the dry ground with its skull and spine exposed.,A pack of wolves feeding on a dead animal in the wild.
obs_10317797_photo_14298032,https://inaturalist-open-data.s3.amazonaws.com/photos/14298032/medium.jpg,A seagull standing on a wooden pier prepares to feed on a small starfish on the ground.,A seagull stands near a discarded piece of food.
obs_103403764_photo_173052489,https://inaturalist-open-data.s3.amazonaws.com/photos/173052489/medium.jpeg,A bright yellow banana slug feeds on the carcass of a black and white bird on rocky ground.,A small black and white bird feeding on a giant yellow slug.
obs_104446822_photo_175010774,https://inaturalist-open-data.s3.amazonaws.com/photos/175010774/medium.jpeg,A dark purple nudibranch feeds on a yellow and green encrusting sponge on a wet rock.,"The rock is covered in colorful moss, which has attracted the attention of small black insects."
obs_104446825_photo_175011125,https://inaturalist-open-data.s3.amazonaws.com/photos/175011125/medium.jpeg,"A textured yellow nudibranch feeds on a bright yellow encrusting sponge on dark, seaweed-covered rocks.","This image depicts a close-up of various marine organisms inside a black container. The most noticeable feature is a piece of seaweed that has been cut and stuffed, possibly for display purposes. Among the contents are pieces of shell, algae, and other underwater objects. It's not entirely clear what feeding interactions might be occurring here as it appears to be a still life representation rather than an active scene."
obs_104676320_photo_175447610,https://inaturalist-open-data.s3.amazonaws.com/photos/175447610/medium.jpg,An adult moorhen with a red and yellow bill feeds a small morsel of food to its fuzzy black chick amidst green lily pads.,Bird feeding fish in a pond.
obs_104685233_photo_175465159,https://inaturalist-open-data.s3.amazonaws.com/photos/175465159/medium.jpg,"A glossy black bird stands in green grass, holding a small snail in its beak.",Bird sitting in tall grass.
obs_105116439_photo_176295370,https://inaturalist-open-data.s3.amazonaws.com/photos/176295370/medium.jpeg,A dark brown slug feeds on the shiny cap of a yellow mushroom growing on a mossy tree trunk.,Mushroom growing out of moss-covered tree bark.
obs_105116597_photo_176295587,https://inaturalist-open-data.s3.amazonaws.com/photos/176295587/medium.jpeg,A small brown slug feeds on the glossy cap of a yellow mushroom growing from a mossy tree trunk.,Fungus growing on moss-covered rock.
obs_1055931_photo_1324289,https://inaturalist-open-data.s3.amazonaws.com/photos/1324289/medium.jpg,A black fly with reddish eyes feeds on the orange center of a yellow flower.,A black and red bee feeding off of a bright orange flower.
obs_1059442_photo_1328444,https://inaturalist-open-data.s3.amazonaws.com/photos/1328444/medium.jpg,Two lions on a sandy riverbank stalk a Cape buffalo standing in the tall grass.,Bear standing next to water in field.
obs_1068273_photo_1339178,https://inaturalist-open-data.s3.amazonaws.com/photos/1339178/medium.jpg,A flock of vultures crowds around to feed on a large animal carcass in a grassy savanna.,Vultures with wings outstretched feeding on dead birds and animals.
obs_1068463_photo_1339369,https://inaturalist-open-data.s3.amazonaws.com/photos/1339369/medium.jpg,"A cottony cushion scale insect with a ribbed white egg sac clings to a fuzzy green stem, feeding on the plant.","A bee with yellow stripes on its back is feeding on a tree branch covered with white, fuzzy substance."
obs_10686_photo_22224,https://static.inaturalist.org/photos/22224/medium.JPG,"A small brown mouse sits on dry straw, feeding on the bloody carcass of a dead bird.",The photo captures an intense moment: a rat gnaws at a dead bird while standing on top of it.
obs_108694701_photo_183043086,https://inaturalist-open-data.s3.amazonaws.com/photos/183043086/medium.jpeg,A sea otter floating in blue water eats from an open clam shell held in its paws.,Two sea otters holding shellfish near their mouths over water.
obs_108694703_photo_183043107,https://inaturalist-open-data.s3.amazonaws.com/photos/183043107/medium.jpeg,"A sea otter floating on its back in blue water feeds on a clam, holding food to its mouth with an open shell resting on its chest.",A seal swimming underwater with a fish.
obs_10960412_photo_15423069,https://inaturalist-open-data.s3.amazonaws.com/photos/15423069/medium.jpg,"A close-up of the rough, textured green leaves of a plant, with some leaves showing signs of being eaten at the edges, though no visible insect or animal is present.",A close-up of a single bud growing from a green plant.
obs_10986817_photo_15475781,https://inaturalist-open-data.s3.amazonaws.com/photos/15475781/medium.jpg,"Garden pests have fed on these long, thick green leaves, leaving large semi-circular chew marks along the edges.",The image does not depict feeding as described in the examples provided.
obs_11018383_photo_15535878,https://inaturalist-open-data.s3.amazonaws.com/photos/15535878/medium.jpg,"A small, striped insect feeds on a cluster of tiny yellow flowers on a thorny green branch.",Floral sprays on tree branches.
obs_11065591_photo_15613837,https://inaturalist-open-data.s3.amazonaws.com/photos/15613837/medium.jpg,"A cluster of white and brown scale insects cling to a green rosemary stem, feeding on its sap.",Caterpillars feeding on leaves of an evergreen plant.
obs_11074145_photo_15630470,https://inaturalist-open-data.s3.amazonaws.com/photos/15630470/medium.jpg,A green caterpillar feeding on a green leaf of a flowering maple plant with orange and yellow flowers.,Tree with orange leaves and yellow flowers behind frog.
obs_111640280_photo_188484692,https://inaturalist-open-data.s3.amazonaws.com/photos/188484692/medium.jpg,"A tortoise, partially visible at the top right, feeds on a white mushroom on ground covered with grass and dry leaves.",The image is not clear enough to confidently describe what is feeding on what.
obs_1120591_photo_1407773,https://inaturalist-open-data.s3.amazonaws.com/photos/1407773/medium.jpg,"A black beetle with white spots clings to a green stem, feeding on small, star-shaped white flowers.",Bug on flowers with seed pods.
obs_11236942_photo_15949804,https://inaturalist-open-data.s3.amazonaws.com/photos/15949804/medium.jpg,An insect has chewed a hole in a fuzzy green leaf of a purple-flowered nightshade plant.,"The purple flower buds of a plant with a brown stem and large green leaves, feeding on a smaller green plant below it."
obs_11241837_photo_15959714,https://inaturalist-open-data.s3.amazonaws.com/photos/15959714/medium.jpg,"A glossy black and red beetle clings to a plant stem, chewing on the edge of a green leaf.",A small black and red insect is feeding on the leaves of a plant.
obs_11251463_photo_15979965,https://inaturalist-open-data.s3.amazonaws.com/photos/15979965/medium.jpg,"A green succulent plant sprouts from the rough, grey bark of a thick tree branch.",No visible food source for anything.
obs_11252885_photo_15983245,https://inaturalist-open-data.s3.amazonaws.com/photos/15983245/medium.jpg,"A pink and white rain lily flower with ragged, chewed edges on its petals from being fed on by garden pests.",No feeding action is taking place in this image; it simply shows two photographs of a flower.
obs_1126540_photo_1416013,https://inaturalist-open-data.s3.amazonaws.com/photos/1416013/medium.jpg,"Based on the image provided, there are no visible insects, birds, or other animals feeding on the plant. 

An accurate description of the image is: 
**A close-up of a leafy green branch featuring bright yellow flowers and small green buds.**",Flowers hang over lush green leaves.
obs_112677160_photo_190337472,https://inaturalist-open-data.s3.amazonaws.com/photos/190337472/medium.jpeg,A swarm of small black ants feeding on a reddish-brown earthworm on a pebbled surface.,Ant feeding on bug.
obs_112910966_photo_190755590,https://inaturalist-open-data.s3.amazonaws.com/photos/190755590/medium.jpeg,"A spiny, long-legged harvestman perched on a red fern frond feeds on a curled-up velvet worm.",Spider eating something red.
obs_1133892_photo_1425797,https://inaturalist-open-data.s3.amazonaws.com/photos/1425797/medium.jpg,A red and black moth perched on a cluster of small white flowers feeds on nectar.,Red and black insect with large antennae feeding on white flowers.
obs_1133932_photo_1425846,https://inaturalist-open-data.s3.amazonaws.com/photos/1425846/medium.jpg,"A mottled brown weevil clings to rough tree bark, feeding on its surface.",A brown insect feeding on the sap of a tree.
obs_1135272_photo_1427749,https://inaturalist-open-data.s3.amazonaws.com/photos/1427749/medium.jpg,"A horsefly with large, iridescent green eyes bites into hairy human skin.",A close-up of an insect hovering over a human hand that is visible through its translucent wing.
obs_115944573_photo_195682488,https://inaturalist-open-data.s3.amazonaws.com/photos/195682488/medium.jpeg,"Large, brown-spotted shelf mushrooms grow on and feed on a decaying tree stump.",Fungus growing on tree stump with mushrooms emerging from top and side.
obs_115973320_photo_195731919,https://inaturalist-open-data.s3.amazonaws.com/photos/195731919/medium.jpeg,"A dark, gelatinous slime mold grows on and decomposes dead brown grass on the ground.",Small plant roots feeding on dirt.
obs_1207646_photo_1525519,https://inaturalist-open-data.s3.amazonaws.com/photos/1525519/medium.jpg,A spotted cheetah sits amidst dry grass and branches with its mouth slightly open.,Cheetah standing near tall grass and trees.
obs_12833171_photo_18617053,https://inaturalist-open-data.s3.amazonaws.com/photos/18617053/medium.jpeg,A black and yellow striped longhorn beetle perched inside a pale pink wildflower feeds on its pollen-bearing stamens.,Ant eating a flower petal
obs_130046716_photo_221096841,https://static.inaturalist.org/photos/221096841/medium.jpg,A white parasitic fungus grows over and feeds on a dark caterpillar resting on a textured green leaf.,A large black caterpillar on a plant leaf with its antennae raised.
obs_130480768_photo_70327211,https://inaturalist-open-data.s3.amazonaws.com/photos/70327211/medium.jpeg,"A dark, hook-shaped leech attached to and feeding on the side of a pinkish-gold fish.",A small fish with an insect attached to its head is swimming in water.
obs_131625336_photo_224021379,https://inaturalist-open-data.s3.amazonaws.com/photos/224021379/medium.jpg,"A dark, elongated land leech feeds on a striped dragonfly amidst rocks and dry leaves on the ground.",Small brown insect eating leaves on ground.
obs_131953321_photo_224633498,https://inaturalist-open-data.s3.amazonaws.com/photos/224633498/medium.jpeg,"A close-up of a white seagull swallowing a bumpy, speckled starfish with its arms protruding from the bird's yellow beak.",The crab is eating another crab.
obs_13339379_photo_19546255,https://inaturalist-open-data.s3.amazonaws.com/photos/19546255/medium.jpg,"A mottled brown slug feeds on a textured, orange-brown fungus growing on a tree trunk.","Caterpillar chewing on tree sap, next to red and orange fungi."
obs_13376692_photo_19611761,https://inaturalist-open-data.s3.amazonaws.com/photos/19611761/medium.jpg,A green sea anemone covered in shell fragments swallowing a red crab in a rocky tide pool.,Crustacean is eating something red and orange in an aquarium.
obs_13466689_photo_19770562,https://inaturalist-open-data.s3.amazonaws.com/photos/19770562/medium.jpg,"A white seagull stands on a seaweed-covered shore, feeding on a pink sea peach tunicate.",Gray and white seagull standing in water with a yellow fish nearby.
obs_138339505_photo_236420699,https://inaturalist-open-data.s3.amazonaws.com/photos/236420699/medium.jpeg,A yellow nudibranch perched on a rock feeds on a pink encrusting sponge.,"Coral reef ecosystem: A vibrant, colorful coral growing in an underwater environment provides shelter and sustenance for various marine organisms including fish."
obs_138339520_photo_236424624,https://inaturalist-open-data.s3.amazonaws.com/photos/236424624/medium.jpeg,"Orange and purple starfish cling to a wet, rocky shore, feeding on a dense bed of black mussels.",A small orange starfish feeding off of wet black rocks.
obs_145358980_photo_249659505,https://inaturalist-open-data.s3.amazonaws.com/photos/249659505/medium.jpeg,"A cluster of small, dark beetles feeds on the surface of a white bracket fungus growing on a tree trunk at night.",Fungi growing on tree branches and leaves.
obs_14844443_photo_22157469,https://inaturalist-open-data.s3.amazonaws.com/photos/22157469/medium.jpeg,"A large, bumpy black and yellow weevil feeds on the central leaves of a spiky green aloe plant.",A bee on a large spiky plant.
obs_15283784_photo_22876182,https://inaturalist-open-data.s3.amazonaws.com/photos/22876182/medium.jpg,"A bright red parasitic mistletoe plant grows directly from a brown branch, feeding on the host tree.",The red flowers of a flowering tree are feeding on insects and nectar from it.
obs_1560560_photo_1932050,https://inaturalist-open-data.s3.amazonaws.com/photos/1932050/medium.jpg,A small green bird perched among the branches of a leafy tree feeds on a berry.,A group of green leaves and red berries.
obs_158540087_photo_273987410,https://inaturalist-open-data.s3.amazonaws.com/photos/273987410/medium.jpeg,"An extreme close-up of a parasitic fungus feeding on a black and yellow wasp, with pale, spindly structures sprouting from the insect's head and thorax.",Small bee crawling over a darker bee.
obs_163365136_photo_282538358,https://inaturalist-open-data.s3.amazonaws.com/photos/282538358/medium.jpg,Several white tapeworms crawl across and infest textured segments of brown animal feces.,White frog with ants trail feeding on chocolate cake.
obs_165338702_photo_205666783,https://inaturalist-open-data.s3.amazonaws.com/photos/205666783/medium.jpg,A black and olive-green slug feeds on a cluster of small tan mushrooms on the forest floor.,Slug feeding on small mushrooms.
obs_17397637_photo_26432327,https://inaturalist-open-data.s3.amazonaws.com/photos/26432327/medium.jpeg,"A cream-colored mushroom cap lies upside down on a bed of dry pine needles, which the fungal organism decomposes and feeds upon.",Mushroom growing in mulch with slug nearby.
obs_17471942_photo_26567244,https://inaturalist-open-data.s3.amazonaws.com/photos/26567244/medium.jpeg,A black and white checkered butterfly perched on a cluster of small purple flowers feeds on nectar.,Butterfly feeding on purple flowers.
obs_178555022_photo_310723982,https://inaturalist-open-data.s3.amazonaws.com/photos/310723982/medium.jpg,A parasitic fungus feeds on a dead fly clinging to a thin green leaf.,This is an image of a lone caterpillar feeding on a leaf.
obs_184932586_photo_322881815,https://inaturalist-open-data.s3.amazonaws.com/photos/322881815/medium.jpg,A cluster of inky cap mushrooms grows in and feeds on a bed of decaying wood chips.,The mushrooms growing in front of the spider web is feeding on wood chips.
obs_188623382_photo_330189351,https://inaturalist-open-data.s3.amazonaws.com/photos/330189351/medium.jpeg,A slug feeding on the pink inner core of a gelatinous stinkhorn mushroom egg on the forest floor.,Mushroom growing out of an eggshell.
obs_192308778_photo_337565887,https://inaturalist-open-data.s3.amazonaws.com/photos/337565887/medium.jpeg,"Two brown, speckled slugs feed on a pale, creamy fungus inside a damp tree cavity.",Slug is feeding on an oval-shaped piece of mushroom.
obs_194599339_photo_342107100,https://inaturalist-open-data.s3.amazonaws.com/photos/342107100/medium.jpeg,A dark brown flatworm on a stony surface feeds on a small snail with a spiral shell.,Slug crawling over slime trail
obs_194795499_photo_341224314,https://inaturalist-open-data.s3.amazonaws.com/photos/341224314/medium.png,"An orange-and-brown striped sea anemone on the sandy seabed feeds on a large white-and-grey fish, engulfing it with its pink tentacles.",A coral reef fish nibbling on an orange coral.
obs_196330872_photo_346192098,https://inaturalist-open-data.s3.amazonaws.com/photos/346192098/medium.jpg,A yellow-stalked parasitic fungus growing out of and feeding on a dirt-covered truffle held in a hand.,An unknown hand holding two sticks of dried brown leaves with green tips.
obs_196670458_photo_346191865,https://inaturalist-open-data.s3.amazonaws.com/photos/346191865/medium.jpg,"A tiny, blue-green elf cup fungus feeding on a small piece of decaying wood held between a person's fingers.","A hand holding an opaque stone with intricate blue markings, against a backdrop of dry brown leaves and fallen branches."
obs_201303417_photo_355329004,https://inaturalist-open-data.s3.amazonaws.com/photos/355329004/medium.jpg,"A brown caddisfly clinging to a white textured wall, extruding a yellow, gelatinous egg mass from its abdomen.",Black bug feeding on a white surface.
obs_201444841_photo_355603656,https://static.inaturalist.org/photos/355603656/medium.jpeg,A green sea anemone covered in shell fragments swallows a blue by-the-wind sailor on a rocky shoreline.,A small snail with an open shell is resting among other sea creatures on the shoreline.
obs_201496215_photo_355699582,https://inaturalist-open-data.s3.amazonaws.com/photos/355699582/medium.jpeg,An American robin standing on patchy green grass holds a long earthworm in its beak.,Robbin feeding on worm in the grass.
obs_209619780_photo_358317954,https://inaturalist-open-data.s3.amazonaws.com/photos/358317954/medium.jpeg,"A light brown sea anemone on a sandy seabed, feeding on a captured pipefish held in its tentacles.",This is an image of a sea creature feeding on another smaller sea creature.
obs_218648707_photo_386921148,https://inaturalist-open-data.s3.amazonaws.com/photos/386921148/medium.jpg,"Two grey slugs crawl on shelf fungi, feeding on the mushrooms amidst lush green moss.","A close-up of moss growing over a forest floor, with a brown tree trunk in the background, showing a symbiotic relationship between the moss and the tree."
obs_220102252_photo_389649357,https://inaturalist-open-data.s3.amazonaws.com/photos/389649357/medium.jpeg,A white parasitic fungus feeds on the body of a dead fly clinging to the underside of a vibrant green leaf.,Bee hovering over a flower.
obs_220822650_photo_391000325,https://inaturalist-open-data.s3.amazonaws.com/photos/391000325/medium.jpeg,"A grey gull stands on a wet, sandy beach, preparing to feed on a reddish-orange sea cucumber lying in the shallow water.",Dead fish feeding on a shoreline with birds and crabs.
obs_228958448_photo_406367945,https://static.inaturalist.org/photos/406367945/medium.jpeg,"A brown, streaked bird perched on a red and blue plastic feeder feeds on scattered birdseed.",Bird standing on bird feeder perch.
obs_231347606_photo_410882600,https://inaturalist-open-data.s3.amazonaws.com/photos/410882600/medium.jpeg,"A close-up of a grey gull with its beak wide open, swallowing an orange starfish with one of its arms protruding.",Sea gull feeding on insects over water.
obs_234223527_photo_416351900,https://inaturalist-open-data.s3.amazonaws.com/photos/416351900/medium.jpeg,"A small, yellow-gilled mushroom with a slender brown stem feeding on a decaying pine needle at its base.",Yellow and orange mushroom is feeding on a beige surface with small brown particles.
obs_237464244_photo_422619154,https://inaturalist-open-data.s3.amazonaws.com/photos/422619154/medium.jpeg,A black spot fungus feeds on the green leaves of a branch held in a person's hand.,Moss-covered leaves on a tree.
obs_240344179_photo_428622047,https://static.inaturalist.org/photos/428622047/medium.jpeg,"A round, velvety yellow polypore fungus with a honeycomb-patterned underside feeds on a thin wooden twig.",The plant has a large round hole with holes around it.
obs_240919750_photo_429301377,https://static.inaturalist.org/photos/429301377/medium.jpeg,"A fungal infection feeding on the green leaves of a small plant, leaving behind brown spots and decayed patches.",A wild plant growing amidst dirt and rock in a forest environment.
obs_2425738_photo_2700767,https://inaturalist-open-data.s3.amazonaws.com/photos/2700767/medium.jpg,"Reddish carnivorous sundew plants grow in a wet, grassy bog, trapping and feeding on insects with their sticky leaves.",There is no visible feeding interaction between any two objects in the image.
obs_250956763_photo_448935283,https://inaturalist-open-data.s3.amazonaws.com/photos/448935283/medium.jpg,A patterned white flatworm crawls over and feeds on a cluster of translucent sea squirts with orange openings.,Orange coral with white tentacles hanging above it.
obs_254253124_photo_455372675,https://inaturalist-open-data.s3.amazonaws.com/photos/455372675/medium.jpeg,"A dead caterpillar hangs vertically from a glass window with a thin thread dangling below it, indicating a parasitic tachinid fly larva has fed on it from the inside.",Caterpillar on window sill.
obs_254357079_photo_455520435,https://inaturalist-open-data.s3.amazonaws.com/photos/455520435/medium.jpeg,A sea anemone with pale-green tentacles engulfs a purple sea urchin on the rocky seafloor.,Red and purple coral with orange and white tentacles feeding off of it.
obs_255562660_photo_458008038,https://inaturalist-open-data.s3.amazonaws.com/photos/458008038/medium.jpg,"A tiny, bright orange larva feeds on a cluster of small, white spherical eggs on a mossy surface.",An unknown organism feeding on an unidentified substance.
obs_256022699_photo_458927175,https://inaturalist-open-data.s3.amazonaws.com/photos/458927175/medium.jpeg,"A pale, cream-colored millipede curled around a green sprig, feeding on the small leaves against a dark background.",The image depicts a small insect eating the leaves of a plant.
obs_258568965_photo_463949052,https://inaturalist-open-data.s3.amazonaws.com/photos/463949052/medium.jpg,"A brown, lumpy fungus grows on a weathered grey tree stump, feeding on the decaying wood.",Cookie is sitting on the side of a tree stump.
obs_259827808_photo_466497337,https://inaturalist-open-data.s3.amazonaws.com/photos/466497337/medium.jpg,"A parasitic fungus feeding on a spiky green leaf, leaving brown and black necrotic lesions.",A small insect with two large spikes feeds on a moss-covered tree branch.
obs_263864256_photo_474104967,https://inaturalist-open-data.s3.amazonaws.com/photos/474104967/medium.jpeg,"A yellowish land planarian feeds on a small, dark snail on a patch of vibrant green moss.",Fungus growing in moss on rocks
obs_264953671_photo_475827468,https://inaturalist-open-data.s3.amazonaws.com/photos/475827468/medium.jpeg,A reddish-brown velvet worm perched on a thin green stem feeds on a captured dark-winged butterfly.,Butterfly feeding on a flower.
obs_265204528_photo_476322668,https://inaturalist-open-data.s3.amazonaws.com/photos/476322668/medium.jpg,"A microscopic, spindle-shaped *Euglena* with a long flagellum, filled with bright green chloroplasts used to produce its own food through photosynthesis.","The image depicts a green bacteria cell on a microscope slide, viewed under high magnification."
obs_265566924_photo_477032615,https://inaturalist-open-data.s3.amazonaws.com/photos/477032615/medium.jpg,"A white powdery mildew fungus covering and feeding on the curled, distorted green leaves of a young peach plant.",A hand holding a small plant with dying leaves.
obs_265572849_photo_477040617,https://inaturalist-open-data.s3.amazonaws.com/photos/477040617/medium.jpeg,White powdery mildew grows and feeds on the jagged green leaves of a wild lettuce plant.,"No plant is visible here; however, there seems to be some kind of potted plant that has been affected by weeds or insects, as evidenced by the holes and damage observed in the image."
obs_265640762_photo_477174548,https://inaturalist-open-data.s3.amazonaws.com/photos/477174548/medium.jpeg,"Leaf miner larvae feed on a broad green leaf, leaving winding, squiggly tunnels across its surface.",A close-up of caterpillar feeding on the underside of a large leaf with damage and growth patterns.
obs_266997708_photo_479763789,https://inaturalist-open-data.s3.amazonaws.com/photos/479763789/medium.jpg,A dark purple-brown fungus spreading across and feeding on the surface of a green leaf.,A single dark green leaf feeding off of a light grey wall.
obs_266997709_photo_479761706,https://inaturalist-open-data.s3.amazonaws.com/photos/479761706/medium.jpg,White powdery mildew coats and feeds on the green leaves of a hanging plant branch.,Dead leaves falling from a tree onto the ground.
obs_268665319_photo_482954075,https://inaturalist-open-data.s3.amazonaws.com/photos/482954075/medium.jpeg,A person's open hand holds two green leaves with brown blotches caused by leaf-mining larvae feeding on the inner tissue.,A hand holding a small plant or leaf with some spots on it against a blurred outdoor background.
obs_270933734_photo_487302713,https://inaturalist-open-data.s3.amazonaws.com/photos/487302713/medium.jpg,A close-up of black spot fungus feeding on the tissue of a green leaf.,"Rotten plant leaf with spots and holes, likely feeding on itself or the tree it came from."
obs_279311227_photo_501548575,https://inaturalist-open-data.s3.amazonaws.com/photos/501548575/medium.jpeg,A white powdery mildew fungus feeding on the pinnate leaves of a plant held in a hand.,"In the image, there is a single human hand holding up a dead tree branch with leaves still attached to it. The leaves are brown and appear dry and wilted. There's no indication of any feeding activity happening in the photo."
obs_31967882_photo_50089860,https://static.inaturalist.org/photos/50089860/medium.jpeg,"A large, dark-shelled sea snail with a bright orange foot feeds on a striped clam on wet sand.",The snail shell with a small piece of orange in it is lying on ice.
obs_33435757_photo_52514997,https://inaturalist-open-data.s3.amazonaws.com/photos/52514997/medium.jpeg,"A long, dark marine worm coiled around a small limpet on a wet, barnacle-covered rock, feeding on it.",Sea slug feeding on algae.
obs_33435868_photo_52515163,https://inaturalist-open-data.s3.amazonaws.com/photos/52515163/medium.jpeg,"A shiny, dark brown ribbon worm swallowing a segmented polychaete worm on a wet, algae-covered rock.","A small, dark brown creature is feeding on a slimy substance that appears to be oozing from a larger dark creature."
obs_338604_photo_421440,https://inaturalist-open-data.s3.amazonaws.com/photos/421440/medium.jpg,"A streaked roadrunner stands on sandy ground, holding a small rodent in its beak.",Woodpecker eating an insect off the ground.
obs_414645_photo_521779,https://inaturalist-open-data.s3.amazonaws.com/photos/521779/medium.jpg,"A dark snake laid out on a wooden surface next to a long, pale eel-like fish that it preyed upon.",This is an image of a snake with its head extended towards another snake lying beside it.
obs_414707_photo_521820,https://inaturalist-open-data.s3.amazonaws.com/photos/521820/medium.jpg,"A dark-colored snake lying on a wooden surface next to a light-colored, worm-like caecilian it has preyed upon.","An image of two snakes coiled together, one of which has its mouth around the body of the other snake."
obs_420386_photo_529902,https://inaturalist-open-data.s3.amazonaws.com/photos/529902/medium.jpg,"A black-and-white speckled snake coiled on dry fallen leaves, constricting and swallowing another yellowish-brown snake.",An adult black snake with red markings coiled around a yellow leaf in a pile of brown leaves.
obs_424251_photo_534568,https://inaturalist-open-data.s3.amazonaws.com/photos/534568/medium.jpg,"A large black and yellow spider hangs from its web, feeding on a small lizard wrapped in silk.","A spider with a large body, possibly an ermine or similar, feeding on a dead fish or fish-like meal in a web."
obs_44675216_photo_70828695,https://inaturalist-open-data.s3.amazonaws.com/photos/70828695/medium.jpeg,"A cluster of pink, bulbous slime mold grows on and feeds on decaying wood in a patch of green moss.",Red mushrooms growing among other organic material in the forest.
obs_44675375_photo_70829028,https://inaturalist-open-data.s3.amazonaws.com/photos/70829028/medium.jpeg,A textured brown slug on a mossy log feeds on a bright pink slime mold.,A large brown snail crawling across a mushroom-covered tree branch.
obs_465679_photo_587403,https://inaturalist-open-data.s3.amazonaws.com/photos/587403/medium.jpg,A wet otter perched on a log feeds on a small fish held in its paws.,A black otter is chewing on an unseen fish from a log in the water.
obs_4977021_photo_6076028,https://inaturalist-open-data.s3.amazonaws.com/photos/6076028/medium.jpg,A mottled brown octopus on a colorful coral reef wraps its tentacles around a captured fish.,Scuba diver surrounded by fish and coral.
obs_503139_photo_640325,https://inaturalist-open-data.s3.amazonaws.com/photos/640325/medium.jpg,"A striped snake on dry, leafy ground, swallowing a frog with its pale legs protruding from its mouth.",A brown snake is feeding on a white rat.
obs_509046_photo_649315,https://inaturalist-open-data.s3.amazonaws.com/photos/649315/medium.jpg,A dissected snake is shown above a tray displaying numerous nestling birds recovered from its stomach.,Dead fish laying on top of raw meat on a table.
obs_5128057_photo_6309771,https://inaturalist-open-data.s3.amazonaws.com/photos/6309771/medium.jpg,"A green leaf next to a purple flower shows lacy, skeletonized holes from insects feeding on its tissue.",A purple flower with yellow center is being fed upon by tiny insects.
obs_518909_photo_661138,https://inaturalist-open-data.s3.amazonaws.com/photos/661138/medium.JPG,A textured brown chameleon on desert sand prepares to feed on a small black insect.,Person reaching down to touch an origami lizard on sandy beach.
obs_54130547_photo_86113964,https://inaturalist-open-data.s3.amazonaws.com/photos/86113964/medium.jpeg,A swarm of black ants feeding on a long brown earthworm on dirt ground.,An ant colony foraging for food on a single leaf.
obs_55364509_photo_88154142,https://inaturalist-open-data.s3.amazonaws.com/photos/88154142/medium.jpeg,A dark leech lies on a stone tile floor in a pool of bright red blood.,A small red object is feeding on something brown and textured.
obs_59536612_photo_95135384,https://inaturalist-open-data.s3.amazonaws.com/photos/95135384/medium.jpg,"A white mushroom growing out of a decaying tree log, feeding on the decomposing wood.",An amanita mushroom grows on moss-covered wood in a forest setting.
obs_608490_photo_767186,https://inaturalist-open-data.s3.amazonaws.com/photos/767186/medium.jpg,A metallic green beetle with red legs perched on a leafy stem feeds on small yellow flowers.,Blue and red bug is perched on plant with yellow flowers.
obs_613295_photo_773078,https://inaturalist-open-data.s3.amazonaws.com/photos/773078/medium.jpg,A reddish-brown and cream-patterned beetle perched on a green leaf feeds on small yellow flowers.,An insect on a plant with nectar feeding on it.
obs_613368_photo_773134,https://inaturalist-open-data.s3.amazonaws.com/photos/773134/medium.jpg,A black and turquoise-striped butterfly perched on green leaves feeds on a cluster of small yellow flowers.,A butterfly with bright blue wings and a long black proboscis feeding on small flowers.
obs_62278764_photo_99765773,https://inaturalist-open-data.s3.amazonaws.com/photos/99765773/medium.jpeg,"A brown snail on dry grass, swallowing a small grey slug.",Slug on a bed of straw.
obs_62498833_photo_100137946,https://inaturalist-open-data.s3.amazonaws.com/photos/100137946/medium.jpg,"A textured, yellowish-green slug feeds on decaying brown plant matter.",Close-up of small bug resting inside a decomposing tree stump.
obs_63701886_photo_102279996,https://inaturalist-open-data.s3.amazonaws.com/photos/102279996/medium.jpeg,"A camouflaged caterpillar feeding on green moss, leaving behind piles of reddish-brown frass.",Moss on top of moss growing on rock.
obs_64497720_photo_103704678,https://inaturalist-open-data.s3.amazonaws.com/photos/103704678/medium.jpg,"A male bufflehead duck swimming in rippled water, swallowing a long, segmented leech with its head tilted back.",Black and white penguin swimming in water.
obs_66194678_photo_106656672,https://inaturalist-open-data.s3.amazonaws.com/photos/106656672/medium.jpeg,A cluster of white maggots feeds on the decaying remains of a snail inside its broken shell on the ground.,"In the foreground of this image, a large brown seashell is being fed on by two small crabs."
obs_67242178_photo_108590554,https://inaturalist-open-data.s3.amazonaws.com/photos/108590554/medium.jpeg,"A brown bird with a yellow beak stands in green grass, holding a dangling earthworm in its beak.",Bird picking insect off ground.
obs_673967_photo_848814,https://inaturalist-open-data.s3.amazonaws.com/photos/848814/medium.jpg,"A green Carolina scale-seed plant with slender, scaled spikes and delicate white flowers grows in dry, sandy soil.",The plant is feeding on the ground.
obs_69194931_photo_112223888,https://inaturalist-open-data.s3.amazonaws.com/photos/112223888/medium.jpg,"A small, pale brown snail resting on and feeding on a vibrant green leaf.",Snail feeding on green plant.
obs_70879081_photo_115307880,https://inaturalist-open-data.s3.amazonaws.com/photos/115307880/medium.jpeg,"A grey and white seagull walks across a wet sandy beach, holding a clam in its beak.","Grey seagull standing on beach, looking for something to eat."
obs_70939654_photo_21265481,https://inaturalist-open-data.s3.amazonaws.com/photos/21265481/medium.jpeg,"A brown, speckled bird with a white stripe above its eye stands in the green grass next to a white pole, holding a worm in its beak.","Bird standing on grass, eating worm or bug."
obs_746116_photo_938004,https://inaturalist-open-data.s3.amazonaws.com/photos/938004/medium.jpg,"A black-and-white speckled hornbill with a long, curved red bill perches on a rough tree trunk, reaching into a cavity to feed on a green and yellow insect.",Brown and white woodpecker clinging to tree trunk.
obs_762178_photo_958265,https://inaturalist-open-data.s3.amazonaws.com/photos/958265/medium.jpg,A striped yellow and black caterpillar feeds on the edge of a long green leaf.,Caterpillar feeding on a green leaf.
obs_768014_photo_965261,https://inaturalist-open-data.s3.amazonaws.com/photos/965261/medium.jpg,"A close-up of a biting fly perched on hairy human skin, inserting its sharp proboscis to feed on blood.",Mosquito feeding on human skin with its proboscis.
obs_768088_photo_965274,https://inaturalist-open-data.s3.amazonaws.com/photos/965274/medium.jpg,"A swarm of small black ants feeds on the body of a large, winged insect on sandy ground.",Moth and ants feeding on each other.
obs_770998_photo_968318,https://static.inaturalist.org/photos/968318/medium.jpg,A dark snake coiled in a metal nesting box stretches its jaws wide to swallow a large white egg.,An angry rattlesnake inside of a metal container is eating an egg.
obs_78431515_photo_128226886,https://static.inaturalist.org/photos/128226886/medium.jpeg,"Multiple large, black leeches cling to and feed on a mottled brown frog lying on the forest floor.","A small, spotted, black and white frog is feasting on a dead bird in a forest setting."
obs_785661_photo_987151,https://inaturalist-open-data.s3.amazonaws.com/photos/987151/medium.jpg,"A brown jumping spider perched on a thin branch, feeding on a captured bee.",The wasp feeds on the honey bee.
obs_8387435_photo_11155664,https://inaturalist-open-data.s3.amazonaws.com/photos/11155664/medium.jpeg,"A leaf miner larva feeds inside a green leaf, leaving a winding white trail on its surface.",A leafy green tree branch surrounded by smaller leaves.
obs_843690_photo_1068150,https://inaturalist-open-data.s3.amazonaws.com/photos/1068150/medium.JPG,A large hippopotamus in muddy water clamps its jaws onto a crocodile's head.,An elephant partially submerged in water is splashing its trunk.
obs_84804335_photo_139427301,https://inaturalist-open-data.s3.amazonaws.com/photos/139427301/medium.jpeg,"Yellow rust fungus feeds on a large, green mayapple leaf, causing distinct yellow spots across its surface.",Insects are feeding on plant.
obs_855273_photo_1084105,https://inaturalist-open-data.s3.amazonaws.com/photos/1084105/medium.jpg,A light brown butterfly perched on a small white flower feeds on its nectar.,Butterfly feeding on flowers among green foliage.
obs_855282_photo_1084115,https://inaturalist-open-data.s3.amazonaws.com/photos/1084115/medium.jpg,A small brown spider perched on a yellow flower feeds on a captured plume moth.,An insect rests on top of a sunflower.
obs_859795_photo_1090771,https://inaturalist-open-data.s3.amazonaws.com/photos/1090771/medium.jpg,A brown skipper butterfly perched on a yellow flower feeds on its nectar.,Brown butterfly feeding on yellow flower petals.
obs_859818_photo_1090799,https://inaturalist-open-data.s3.amazonaws.com/photos/1090799/medium.jpg,"A bristly, orange-and-black fly feeds on the center of a yellow flower.",Small black and orange bee feeding on yellow flower.
obs_890705_photo_1131787,https://inaturalist-open-data.s3.amazonaws.com/photos/1131787/medium.jpg,"A large black horsefly perched on tan fabric, biting through the cloth to feed on human blood.",Black bee feeding on honey in hive.
obs_890716_photo_1131809,https://inaturalist-open-data.s3.amazonaws.com/photos/1131809/medium.jpg,A large fly with a fuzzy golden body and dark wings feeds on a person's freckled skin.,Yellow bee standing on a person's arm.
obs_893936_photo_1136774,https://inaturalist-open-data.s3.amazonaws.com/photos/1136774/medium.jpg,"An African wild dog lies on dry, grassy ground, feeding on the leg of its prey.",Leopard lying next to antelope in dirt field.
obs_894002_photo_1136901,https://inaturalist-open-data.s3.amazonaws.com/photos/1136901/medium.jpg,A group of vultures feed on a carcass on the dry savanna ground while an African wild dog stands nearby watching.,Leopards hunting birds in a field.
obs_89418103_photo_147652109,https://inaturalist-open-data.s3.amazonaws.com/photos/147652109/medium.jpg,A glossy black flatworm coiled around and feeding on a bee on rocky ground.,Black and brown insect eating another black and brown insect.
obs_9029586_photo_12180368,https://inaturalist-open-data.s3.amazonaws.com/photos/12180368/medium.jpg,A small white spider is perched on a large green leaf of a wild flowering plant.,The photo shows a weed growing out of the ground with bright yellow flowers.
obs_913990_photo_1166084,https://inaturalist-open-data.s3.amazonaws.com/photos/1166084/medium.jpg,A fuzzy bee perched on a round purple flower feeds on its nectar.,Bee resting on purple flowers.
obs_913998_photo_1166095,https://inaturalist-open-data.s3.amazonaws.com/photos/1166095/medium.jpg,A black and yellow striped insect perched on a round purple flower feeds on its nectar.,A striped bee feeding on vibrant purple flowers.
obs_92804813_photo_153716790,https://inaturalist-open-data.s3.amazonaws.com/photos/153716790/medium.jpg,"A cluster of brown mushrooms growing in green grass, feeding on decomposing organic matter in the soil.",Mushrooms growing in a field next to green grass.
obs_94545832_photo_156850036,https://inaturalist-open-data.s3.amazonaws.com/photos/156850036/medium.jpg,A dark seal emerging from the water holds a pink sausage in its mouth.,"An unidentified black sea creature, possibly an octopus, has a small fish caught in its tentacle and is about to eat it."
obs_9692012_photo_13252435,https://inaturalist-open-data.s3.amazonaws.com/photos/13252435/medium.jpg,A small green caterpillar feeds on a green flower bud of a leafy plant.,A cluster of wildflowers growing near each other in the wild.
obs_9833518_photo_13465547,https://inaturalist-open-data.s3.amazonaws.com/photos/13465547/medium.jpg,"A speckled blue-grey velvet worm crawls on vibrant green moss, feeding on a small orange insect pupa.","A large snail with spotted underside feeds from an abundance of green vegetation, likely in the wild."
