Image_name,image_url,gemini_2.5,sonnet_4.6
obs_102691691_photo_171703626,https://inaturalist-open-data.s3.amazonaws.com/photos/171703626/medium.jpeg,"A close-up view of a rocky intertidal zone shows dark brown and reddish seaweeds covering wet rocks, with a prominent central cluster of branching algae featuring small, oval air bladders.","A dense intertidal zone covered with dark seaweed, various algae, and smooth pebbles clinging to pink and gray rocky surfaces exposed at low tide."
obs_10317797_photo_14298032,https://inaturalist-open-data.s3.amazonaws.com/photos/14298032/medium.jpg,"A white and grey seagull with a yellow beak stands on a dark paved surface, looking down at a small tan starfish, with a wooden deck in the background.","A seagull stands on a weathered wooden dock, eyeing a small starfish nearby."
obs_130480768_photo_70327211,https://inaturalist-open-data.s3.amazonaws.com/photos/70327211/medium.jpeg,"A golden-brown fish with a dark, C-shaped leech attached to its side rests in shallow water against a white background.","A realistic soft plastic fishing lure designed to resemble a golden-orange baitfish, with a dark hook embedded in its body, photographed on a white surface on September 29, 2017."
obs_188731534_photo_330410184,https://inaturalist-open-data.s3.amazonaws.com/photos/330410184/medium.jpg,"A person's fingers hold a small, textured brown and green object with a reddish, bubbly hollow interior.","A close-up of a hand holding a small acorn cap with its nut removed, revealing a hollow, dark reddish-brown interior with a moist, resinous texture."
obs_194599339_photo_342107100,https://inaturalist-open-data.s3.amazonaws.com/photos/342107100/medium.jpeg,"A dark-bodied snail with a pale, translucent shell is seen moving across rough, textured ground with scattered debris and green patches.","A dark brown semi-slug with a small, flattened vestigial shell on its back crawls across a mossy, rocky surface."
obs_194795499_photo_341224314,https://inaturalist-open-data.s3.amazonaws.com/photos/341224314/medium.png,"A large, pale fish with a dark head and prominent eye is partially obscured by a textured, orange sea anemone with pale tentacles on the ocean floor.",
obs_195713651_photo_344383957,https://inaturalist-open-data.s3.amazonaws.com/photos/344383957/medium.jpeg,"A shiny black flatworm is coiled around and preying on a mottled brown slug, resting on a wet, granular surface with green patches.",
obs_220102252_photo_389649357,https://inaturalist-open-data.s3.amazonaws.com/photos/389649357/medium.jpeg,"A fuzzy, light-bodied insect with dark-veined wings is seen clinging to the underside of a brightly backlit, translucent green leaf, its veins clearly visible.",
obs_220822650_photo_391000325,https://inaturalist-open-data.s3.amazonaws.com/photos/391000325/medium.jpeg,"A partial view of a bird wading in reflective blue water on a tidal flat, near a reddish-brown seashell standing upright in the shallow sand.",
obs_250956763_photo_448935283,https://inaturalist-open-data.s3.amazonaws.com/photos/448935283/medium.jpg,"A frilly white and brown nudibranch rests on a white colonial tunicate covered in numerous orange-rimmed openings, against a blurry green underwater background.",
obs_256022699_photo_458927175,https://inaturalist-open-data.s3.amazonaws.com/photos/458927175/medium.jpeg,"A pale, segmented millipede with many visible legs is tightly coiled around a sprig of green foliage, contrasting with a dark, blurry background.",
obs_258568965_photo_463949088,https://inaturalist-open-data.s3.amazonaws.com/photos/463949088/medium.jpg,"A macro shot reveals a rough, earthy surface with intricate textures, small holes, delicate webs, and shimmering iridescent reflections of blue, purple, and gold.",
obs_263836670_photo_474047112,https://inaturalist-open-data.s3.amazonaws.com/photos/474047112/medium.jpeg,"A grey gull with its beak wide open is in the process of swallowing a large, bumpy purple starfish.",
obs_264953671_photo_475827468,https://inaturalist-open-data.s3.amazonaws.com/photos/475827468/medium.jpeg,"A vivid orange-red slug-like creature is wrapped around a brown moth on a green stem, appearing to consume it, against a blurry natural background.",
obs_291009479_photo_523542929,https://inaturalist-open-data.s3.amazonaws.com/photos/523542929/medium.jpg,"A dark, segmented centipede crawls across a mossy forest floor, surrounded by vibrant green grass and scattered fallen leaves.",
obs_302755190_photo_545634287,https://inaturalist-open-data.s3.amazonaws.com/photos/545634287/medium.jpg,"A macro shot of a green leaf showing multiple light-colored, raised structures, including a prominent circular gall with a central opening.",
obs_318344322_photo_575337712,https://inaturalist-open-data.s3.amazonaws.com/photos/575337712/medium.jpg,"A small pile of light blue and dark shell fragments rests on coarse sand, with a 2019 U.S. penny in the upper right for scale.",
obs_318533969_photo_575706140,https://inaturalist-open-data.s3.amazonaws.com/photos/575706140/medium.jpg,"A close-up shows a rough, brown growth on a woody branch at the point where several smaller branches diverge, with blurred green and yellow leaves and natural debris in the background.",
obs_319669394_photo_577875426,https://inaturalist-open-data.s3.amazonaws.com/photos/577875426/medium.jpg,"A macro photo shows a green leaf speckled with numerous small, textured orange fungal growths.",
obs_321389820_photo_581234419,https://inaturalist-open-data.s3.amazonaws.com/photos/581234419/medium.jpg,"A male common eider duck floats on dark water, holding a reddish-brown sea urchin in its open beak.",
obs_323944435_photo_586236533,https://inaturalist-open-data.s3.amazonaws.com/photos/586236533/medium.jpg,"A close-up shows a juniper branch with green foliage, several dusty blue berries, and two distinct, lumpy reddish-brown galls.",
obs_325267824_photo_588882003,https://inaturalist-open-data.s3.amazonaws.com/photos/588882003/medium.jpg,"A close-up shows an orange ladybug with black markings on its head, standing over a light-colored, fuzzy parasitic wasp cocoon attached beneath its body, on a textured gray surface.",
obs_325625055_photo_589595206,https://inaturalist-open-data.s3.amazonaws.com/photos/589595206/medium.jpg,"A close-up of green leaves covered in numerous dark brown spots and browning edges, set against a blurred background of autumn foliage.",
obs_326876805_photo_592092171,https://inaturalist-open-data.s3.amazonaws.com/photos/592092171/medium.jpg,"A close-up of a yellow autumn leaf with a large, irregular black patch that has a distinct bumpy texture, typical of tar spot disease.",
obs_327076113_photo_592488640,https://inaturalist-open-data.s3.amazonaws.com/photos/592488640/medium.jpg,"A small, iridescent silvery-green fish is caught within the translucent, ring-like tentacles of a sea anemone against a murky, brown underwater background.",
obs_331752340_photo_601901044,https://inaturalist-open-data.s3.amazonaws.com/photos/601901044/medium.jpg,"A close-up shows a green leaf with yellowed edges and many small dark brown spots, surrounded by blurred green and yellow leaves.",
obs_331831594_photo_602051260,https://inaturalist-open-data.s3.amazonaws.com/photos/602051260/medium.jpg,"A vibrant yellow slug with visible eyestalks crawls over a light brown mushroom cap, which has a small dark twig resting on it, all surrounded by lush green moss.",
obs_332241462_photo_602909620,https://inaturalist-open-data.s3.amazonaws.com/photos/602909620/medium.jpg,"An olive-brown slug feeds on a dead reddish-brown newt lying on sandy, gravelly ground.",
obs_333144263_photo_501540234,https://inaturalist-open-data.s3.amazonaws.com/photos/501540234/medium.jpeg,"A detailed macro view shows vibrant yellow granular lichen, white crusty lichen, and light green lobed lichen with cup-like structures, growing closely together on a surface.",
obs_333664707_photo_605748155,https://inaturalist-open-data.s3.amazonaws.com/photos/605748155/medium.jpg,"A translucent moon snail with an expansive white foot is seen next to a pale, frilly sea anemone, surrounded by pink branching coral and dark kelp on the ocean floor.",
obs_334025380_photo_606497684,https://inaturalist-open-data.s3.amazonaws.com/photos/606497684/medium.jpg,"A macro shot reveals several tiny fungi with slender dark stalks and small light brown caps emerging from a textured, dried plant surface.",
obs_33435868_photo_52515163,https://inaturalist-open-data.s3.amazonaws.com/photos/52515163/medium.jpeg,"A dark, reflective sea cucumber, featuring a distinct bulge, rests partially submerged in shallow water over light-colored rocks and green algae.",
obs_334758419_photo_607987821,https://inaturalist-open-data.s3.amazonaws.com/photos/607987821/medium.jpg,"A detailed close-up reveals intricate patterns of dark, cup-shaped lichens with pale rims, intertwined with light green leafy lichens and vibrant pink patches, all growing densely on textured tree bark.",
obs_336269939_photo_611037472,https://inaturalist-open-data.s3.amazonaws.com/photos/611037472/medium.jpg,Multiple dark velvet worms with orange spots and stubby legs crawl among reddish-brown leaf litter and organic debris.,
obs_337063055_photo_612648507,https://inaturalist-open-data.s3.amazonaws.com/photos/612648507/medium.jpg,"A large sea snail with a patterned brown and tan shell, revealing a reddish body, operculum, and striped foot, rests on a sandy seabed.",
obs_337600645_photo_614526508,https://inaturalist-open-data.s3.amazonaws.com/photos/614526508/medium.jpg,"A black oystercatcher with a bright red beak and pink legs stands on a rocky shore among purple sea anemones, sea urchins, and various seaweeds.",
obs_337606242_photo_613762919,https://inaturalist-open-data.s3.amazonaws.com/photos/613762919/medium.jpg,"A person's hand holds a green leaf covered in numerous reddish-brown spots, with a slender stem and small buds visible on the right against a blurry green background.",
obs_337610708_photo_613769550,https://inaturalist-open-data.s3.amazonaws.com/photos/613769550/medium.jpg,"A person's hand holds a green leaf covered in white, fuzzy patches of powdery mildew.",
obs_337610714_photo_613769638,https://inaturalist-open-data.s3.amazonaws.com/photos/613769638/medium.jpg,"A hand gently holds a green leaf with a textured surface and serrated edges, surrounded by other blurry green foliage.",
obs_338007030_photo_614585734,https://inaturalist-open-data.s3.amazonaws.com/photos/614585734/medium.jpg,A glistening grey snail with an extended body and brown shell crawls across a wet green leaf.,
obs_338486970_photo_615576074,https://inaturalist-open-data.s3.amazonaws.com/photos/615576074/medium.jpg,"A large, elongated bivalve shell, half light brown and half dark, shiny black, rests on wet, dark sand with small water bubbles.",
obs_339993526_photo_618618071,https://inaturalist-open-data.s3.amazonaws.com/photos/618618071/medium.jpg,"A white seagull is consuming a large brown starfish, with several of the starfish's arms still visible outside its yellow beak.",
obs_340263466_photo_619175705,https://inaturalist-open-data.s3.amazonaws.com/photos/619175705/medium.jpg,"A close-up shot captures the vibrant fuchsia, brush-like filaments of a flower head in sharp focus against a soft, blurred background.",
obs_340271186_photo_619190124,https://inaturalist-open-data.s3.amazonaws.com/photos/619190124/medium.jpg,"A small, green shrub with numerous buds grows alongside a cracked asphalt road and a concrete sidewalk with a yellow line, beneath a larger evergreen plant.",
obs_340304697_photo_619256274,https://inaturalist-open-data.s3.amazonaws.com/photos/619256274/medium.jpg,"A yellow and black spotted snail with a dark, fleshy body emerging from its shell is seen underwater in murky, sandy conditions, with a stick nearby.",
obs_340326193_photo_619295159,https://inaturalist-open-data.s3.amazonaws.com/photos/619295159/medium.jpg,"A close-up shot shows a leafy green plant whose foliage is heavily speckled with dark brown to black spots, indicating a common plant disease.",
obs_340326194_photo_619295158,https://inaturalist-open-data.s3.amazonaws.com/photos/619295158/medium.jpg,"A hand wearing a gold ring holds up a green leaf heavily covered in dark brown spots and with torn edges, against a blurry background of similar foliage.",
obs_340337296_photo_536341964,https://inaturalist-open-data.s3.amazonaws.com/photos/536341964/medium.jpg,A small brown and orange butterfly is perched on bright yellow flowers surrounded by green leaves.,
obs_340337865_photo_533753896,https://inaturalist-open-data.s3.amazonaws.com/photos/533753896/medium.jpg,An orange butterfly is perched on vibrant purple flowers against a blurred green background.,
obs_340364592_photo_619375042,https://inaturalist-open-data.s3.amazonaws.com/photos/619375042/medium.jpg,"A brown water strider with long, thin legs floats on the water's surface, holding a smaller, lighter-colored insect as prey in its front legs.",
obs_340368188_photo_619383348,https://inaturalist-open-data.s3.amazonaws.com/photos/619383348/medium.jpg,"A close-up shows a large, fluffy, reddish-brown gall on a thorny branch, with a blurred background of green hills, trees, and blue sky.",
obs_340433312_photo_619519266,https://inaturalist-open-data.s3.amazonaws.com/photos/619519266/medium.jpg,"A wet, brown frog with dark markings sits on a bed of gravel and small rocks, surrounded by green grass blades and dry debris.",
obs_340514309_photo_619678757,https://inaturalist-open-data.s3.amazonaws.com/photos/619678757/medium.jpg,"A brown and white hawk with a sharp yellow eye and a reddish mark on its hooked beak is perched against a rough tree trunk, looking to the left.",
obs_340514310_photo_619679014,https://inaturalist-open-data.s3.amazonaws.com/photos/619679014/medium.jpg,"A hawk with yellowish talons firmly grips a bloody squirrel, its prey, on a moss-covered tree branch.",
obs_340542613_photo_619737737,https://inaturalist-open-data.s3.amazonaws.com/photos/619737737/medium.jpg,"A brown and white hawk stands on green grass, its beak and talons covered in blood as it consumes its prey.",
obs_340825934_photo_620308797,https://inaturalist-open-data.s3.amazonaws.com/photos/620308797/medium.jpg,"A brown bird with a spiky reddish-brown crest stands in green bushes, holding a large crab in its beak.",
obs_340848497_photo_620354560,https://inaturalist-open-data.s3.amazonaws.com/photos/620354560/medium.jpg,"A close-up of a textured green leaf featuring several white, irregular clusters, resembling mealybugs or scale insects, among scattered debris.",
obs_340848514_photo_620354575,https://inaturalist-open-data.s3.amazonaws.com/photos/620354575/medium.jpg,"An adult whitefly with translucent wings rests on a textured green leaf, surrounded by white waxy filaments and several smaller whitefly nymphs.",
obs_340848746_photo_620355031,https://inaturalist-open-data.s3.amazonaws.com/photos/620355031/medium.jpg,"A close-up view reveals a black scale insect with a white, waxy fringe and a tiny pink leg, positioned on a vibrant green leaf exhibiting a detailed network of veins.",
obs_341060278_photo_547585371,https://inaturalist-open-data.s3.amazonaws.com/photos/547585371/medium.jpg,A close-up shot captures a bee resting on a green leaf next to several vibrant purple flowers.,
obs_341067936_photo_620805844,https://inaturalist-open-data.s3.amazonaws.com/photos/620805844/medium.jpg,"A fuzzy brown and black striped bee is seen from above, resting on a white flower with a bright yellow center, surrounded by green leaves and blurred branches.",
obs_341194952_photo_621071156,https://inaturalist-open-data.s3.amazonaws.com/photos/621071156/medium.jpg,"A white egret stands on a gravel path, holding a dark creature in its beak, with green foliage and a white pole in the background.",
obs_64497720_photo_103704678,https://inaturalist-open-data.s3.amazonaws.com/photos/103704678/medium.jpg,A male Bufflehead duck with a wide-open beak is swallowing a long fish while on the water.,
